business_name,email,main_shortcoming
1st American Roofing Co.,newroof@comcast.net,No clear shortcoming identified
A & A Tree Service,aandatrees@yahoo.com,Website not using HTTPS
"A Tree Service, Inc.",atreeservice2@gmail.com,No clear shortcoming identified
A&E Brothers Roofing,info@aebrothersroofing.com,No clear shortcoming identified
A.T.& Trees LLC,a.t.trees21@gmail.com,No clear shortcoming identified
A1 Tree & Stump Removal,info@a1treeandstumpremoval.com,No clear shortcoming identified
AAA Tree Experts,mail@gmail.com,No clear shortcoming identified
"ACE Cooling, Heating, Plumbing and Electrical",info@acehomeaz.com,No clear shortcoming identified
ACE Home Services (formerly Hero Home Services),info@acehomeaz.com,No clear shortcoming identified
ACE Remodeling TX,info@aceremodelingtx.com,No clear shortcoming identified
AGC Home Remodeling & Construction,info@agchomeremodeling.com,No clear shortcoming identified
AJF Roofing,info@ajfroofingfl.com,No clear shortcoming identified
"ALL AMERICAN ROOFING & RESTORATION, LLC.",info@allamericanrestorationllc.com,No clear shortcoming identified
AMERICAN ROOFING & GUTTER INC Contractors,info@americanroofingandgutterinc.com,No clear shortcoming identified
APES HVAC & Plumbing,dispatch@go4apes.com,No clear shortcoming identified
ATX Construction & Remodeling General Contractor Austin,info@atxcnrr.com,No clear shortcoming identified
AZ Home Services Group AC Repair & Plumbing Services,info@azhomeservices.group,No clear shortcoming identified
AZ Home Services Group AC Repair & Plumbing Services of Phoenix,info@azhomeservices.group,No clear shortcoming identified
"Airos obrt za klimatizaciju, grijanje i ostale usluge",airos.osijek@gmail.com,Low review count
All American Restoration & Roofing,aaroofingrestore@yahoo.com,No clear shortcoming identified
All Area A/C & Heating,oscarzeballos79@gmail.com,No clear shortcoming identified
All Wood's Tree Service,service@allwoodstreeservice.net,No clear shortcoming identified
Alviss Solar d.o.o.,info@alviss.si,Low review count
America Roofing,sales@americaroofingco.com,No clear shortcoming identified
America Top Roofing,info@americatoproofing.com,No clear shortcoming identified
America's Roofing & Construction Co.,info@americasroofingco.com,No clear shortcoming identified
American Arbor Care,moira@americanarborcare.com,No clear shortcoming identified
American Arborist,info@americanarborist.biz,No clear shortcoming identified
American Central Roofing & Construction,debbie@americancentralcorp.com,No clear shortcoming identified
American Commercial Roofing Inc,info@americancommercialroof.com,No clear shortcoming identified
American Elite Roofing,wvbenterprise@gmail.com,No clear shortcoming identified
"American Frontier Roofing, Inc.",americanfrontierroof@gmail.com,No clear shortcoming identified
American HVAC,info@americanhvac.com,No clear shortcoming identified
"American HVAC Corp - Brooklyn, Heating, Air Conditioning, Refrigeration, Ductless Mini Split, Rooftop, Commercial HVAC NYC",info@americanhvaccorp.com,No clear shortcoming identified
"American HVAC Corp - Queens, Ductless Mini Split Air Conditioner, VRF, Rooftop Units, Commercial HVAC Repair Installation NYC",info@americanhvaccorp.com,No clear shortcoming identified
American Home Water & Air,americanhomewater@gmail.com,No clear shortcoming identified
American Home Water and Air,americanhomewater@gmail.com,No clear shortcoming identified
American Homes Roofing,info@americanhomesroofing.net,No clear shortcoming identified
American Homes Roofing,americanhomeroofing@gmail.com,Website not using HTTPS
American Roofers,info@americanroofersco.com,No clear shortcoming identified
American Roofing,info@americanroofing.com,No clear shortcoming identified
American Roofing & Construction Inc,1--americanroofing@sbcglobal.net,No clear shortcoming identified
American Roofing & Construction LLC,info@armoredinnovations.tech,No clear shortcoming identified
"American Roofing & Construction, LLC",info@americanroofingco.com,No clear shortcoming identified
American Roofing & Exteriors,infostl@arei.us,No clear shortcoming identified
American Roofing & Metal Co. Inc.,info@amerroofing.com,No clear shortcoming identified
American Roofing & Waterproofing LLC,services@americanroofingnow.com,No clear shortcoming identified
American Roofing CA LLC,info@americanroofingca.store,No clear shortcoming identified
American Roofing Company,info@roofyou.com,No clear shortcoming identified
American Roofing Company,info@roofyou.com,No clear shortcoming identified
American Roofing Company,info@roofyou.com,No clear shortcoming identified
American Roofing and Renovation,americanroofllc@gmail.com,No clear shortcoming identified
American Roofing and Sheet Metal,info@arsmi.com,No clear shortcoming identified
American Tree Care,americantreecare@comcast.net,Website not using HTTPS
American Tree Service,roberteugenewells@yahoo.com,No clear shortcoming identified
American Tree Services LLC,classaclimber@gmail.com,No clear shortcoming identified
Americas Best Roofing Company,info@americasbestroofing.com,No clear shortcoming identified
Arborist USA,info@arboristusa.com,No clear shortcoming identified
Arterra Landscape Architects,user@domain.com,No clear shortcoming identified
Artisans Landscape Inc,elliot@artisanslandscape.com,No clear shortcoming identified
Austin Dream Remodeling Bathroom & Kitchen,ausdreamremodeling@gmail.com,No clear shortcoming identified
Austin Home Additions and ADUs,info@austinhomeadditions.com,No clear shortcoming identified
"Avtohiša Vrtač d.o.o., pooblaščeni prodajalec in serviser vozil Audi, VW, VW GV, Škoda, Seat, Cupra",info@vrtac.si,Low review count
"Avtoservis Gantar, AG Gantar Naklo, d.o.o.",info@aggantar.si,Low review count
"Avtoservis Jur, AC Jur Team d.o.o.",avto.jur@siol.net,Low review count
"Avtoservis Selan, Tadej Selan s.p.",info@avtoservis-selan.si,Low review count
"BEL Energija, d.o.o.",info@belenergija.com,Low review count
"BISOL Group, d.o.o.",info@bisol.com,Low review count
"Basaj, proizvodnja, storitve in trgovina d.o.o.",user@domain.com,Low review count
Benefit Air Conditioning,info@benefitair.com,No clear shortcoming identified
Best American Roofing LLC,bestamericanroofing@yahoo.com,No clear shortcoming identified
Best Roofing Miami,info@bestroofing.net,No clear shortcoming identified
Black Bear Tree Care,bbtreecare@protonmail.com,No clear shortcoming identified
Blooms Gardening,paulhowley14@gmail.com,No clear shortcoming identified
Buffalo Tree Service,buffalotreeservice@gmail.com,No clear shortcoming identified
Canopy Roofing Inc,info@canopyroofers.com,Website not using HTTPS
Catalyst Construction & General Contractors,info@catalystaustin.com,No clear shortcoming identified
"Center varčnega ogrevanja, Gomon Solar d.o.o.",info@gomonsolar.com,Low review count
Cool Air,coolairhr@gmail.com,Low review count
"Day & Night Air Conditioning, Heating, & Plumbing",info@dayandnightair.com,No clear shortcoming identified
Deep Heat,info@deepheat.eu,Website not using HTTPS
"DeepRoot Green Infrastructure, LLC",info@deeproot.com,No clear shortcoming identified
Del Sol Roofing,dsr@delsolroofing.com,No clear shortcoming identified
Delta Home Services,info@mydeltahs.com,No clear shortcoming identified
Desert Diamond Air Cooling & Heating,desertdiamondair@gmail.com,No clear shortcoming identified
Dirty Hoe Landscaping,bernie@dirtyhoelandscaping.com,No clear shortcoming identified
EPEU d.o.o.,info@epeu.si,Low review count
Energen d.o.o.,info@energen.si,Low review count
FLETCHER STUDIO,information@fletcherstudio.com,No clear shortcoming identified
Farallon Gardens,mathew@farallongardens.com,No clear shortcoming identified
Fix it Frankie,hello@fixitfrankie.com,No clear shortcoming identified
Flora Grubb Gardens Plant Nursery,hello@floragrubb.com,No clear shortcoming identified
Francisco Zarco Gardens Landscape,franciscozarcogardens@gmail.com,No clear shortcoming identified
George Brazil Air Conditioning & Heating,internet@qhmamerica.com,No clear shortcoming identified
Glscapes Inc.,genaro@glscapesinc.com,No clear shortcoming identified
Go Green Landscape,office@gogreenlands.com,No clear shortcoming identified
Go Green Landscape,office@gogreenlands.com,No clear shortcoming identified
Goettl Air Conditioning and Plumbing - Phoenix AZ,contactus@goettl.com,No clear shortcoming identified
"Green Foliage Unlimited, Inc. | Best Landscaper San Jose, San Jose Landscape Designer, Commercial Landscaper",info@greenfoliageinc.com,No clear shortcoming identified
Green Hill Remodeling,sales@greenhillremodeling.com,No clear shortcoming identified
Ground Cover Landscaping,info@groundcoverlandscaping.com,No clear shortcoming identified
Growsgreen Landscape Design,growsgreen@gmail.com,No clear shortcoming identified
High Point Roofing Corp,highpointroofingcorp@yahoo.com,No clear shortcoming identified
"INŠTALATERSTVO TRONX, DAVID TRONKAR S.P.",piraneze@gmail.com,Low review count
Ideal Air Conditioning and Insulation,info@idealairaz.com,No clear shortcoming identified
Inside Out Landscaping,charliel@inside-outsf.com,No clear shortcoming identified
Integrity Air Conditioning & Heating L.L.C,service@integrity-hvac.com,No clear shortcoming identified
Island Breeze Air Conditioning & Heating LLC,johndoe@email.com,No clear shortcoming identified
JML Landscapes,user@domain.com,No clear shortcoming identified
Jose's Tree Service,jose_tree_service@yahoo.com,No clear shortcoming identified
Just Air LLC,justairac@gmail.com,No clear shortcoming identified
Ken Muncy Air Conditioning,reid@kenmuncy.com,No clear shortcoming identified
Kitch cabinetry & design,info@kitchcabinetry.com,No clear shortcoming identified
"Klemen Kopač s.p., tehnične Meritve",klemen.kopac@gmail.com,Low review count
Klima Belehar prezračevanje in klimatizacija d.o.o.,info@klima-belehar.si,Low review count
"Klimatizacija Fajfar, Andraž Fajfar Krmelj s.p.",klimafajfar@gmail.com,Low review count
Kärnten Solar,office@kaernten-solar.at,Low review count
L and T Tree Services,info@landttreeservices.com,No clear shortcoming identified
Local Roots AC and Plumbing LLC,service@calllocalroots.com,No clear shortcoming identified
Luka Demšar s.p.,l.demsar@gmail.com,Website not using HTTPS
M3 Roofing,info@m3roofmiami.com,No clear shortcoming identified
Marich Inc - Home Remodeling Austin TX,marisa@marichinc.com,No clear shortcoming identified
"Matan, Matic Pogačar S.P.",info@matan.si,Low review count
Mid America Tree Experts,midamericatreeexpertsllc@gmail.com,No clear shortcoming identified
Moj servis d.o.o.,info@moj-servis.si,Low review count
"NGEN, energetske rešitve d.o.o.",info@ngen.si,Low review count
New America Construction Roofing,andyortizroofing@gmail.com,No clear shortcoming identified
New Creations Custom Kitchen and Bath,roy@newcreationsaustin.com,No clear shortcoming identified
New Edge Renovation,info@newedgeren.com,No clear shortcoming identified
North American Roofing,info@naroofing.com,No clear shortcoming identified
North American Roofing Company,info@roofingnorthamerica.com,No clear shortcoming identified
OnPoint Home Construction | Kitchen & Bath Remodeling,info@atxonpoint.com,No clear shortcoming identified
"PROS Tree & Landscape, LLC",service@treeprosaz.com,No clear shortcoming identified
Palma Roofing,info@palmaroofing.com,No clear shortcoming identified
"Patrick Riley | Isley's Cooling, Heating, Plumbing, & Electrical",internet@patrickrileyac.com,No clear shortcoming identified
Perfect Roofing of FL,info@perfectroofingfl.com,No clear shortcoming identified
"Plan-Net Solar, proizvodnja in prodaja, d.o.o.",ime@domena.si,Low review count
Prime Construction and Remodeling,info@primetxbuilders.com,No clear shortcoming identified
Pro Tech Construction Inc,info@protechconst.net,No clear shortcoming identified
"Prodaja in servis gostinske opreme, SP-PRO d.o.o.",info@sp-pro.si,Low review count
Proper Roofing Miami,appointment@properoofing.com,No clear shortcoming identified
RCE Construction & Remodeling,info@rceconstructionandremodeling.com,No clear shortcoming identified
Rainbow Roofing Master,info@rainbowroofingmaster.com,No clear shortcoming identified
"Reroof America Contractors CO, LLC",user@domain.com,No clear shortcoming identified
Rock & Rose Landscapes,info@rockandrose.com,No clear shortcoming identified
Rockin' Remodeling Design & Build,rockinremodeling@yahoo.com,No clear shortcoming identified
Roof America,roof@roofamerica.com,No clear shortcoming identified
Roofing America,info@roofingamericaco.com,No clear shortcoming identified
Roofing America,info@roofingamericaco.com,No clear shortcoming identified
Roofing America Madison,info@roofingamericaco.com,No clear shortcoming identified
Roofing America Sun Prairie,info@roofingamericaco.com,No clear shortcoming identified
"Roofing America, Inc.",bill@roofingamericakc.com,No clear shortcoming identified
Roofing USA,info@roofingusa.com,No clear shortcoming identified
S & A Tree Service Fort Wayne,info@latinotype.com,No clear shortcoming identified
SG Mechanical Air,info@sgmechanicalair.com,No clear shortcoming identified
SUNWORLD Energietechnik GmbH,office@sunworld.at,Low review count
Same Day Air Repair,info@sdaraz.com,No clear shortcoming identified
Seattle Tree Care,info@seattletreecare.org,No clear shortcoming identified
Semper Fi Heating and Cooling,customercare@semperfiheatingcooling.com,No clear shortcoming identified
Service Experts Phoenix,example@domain.com,No clear shortcoming identified
Shades of Green Landscape Architecture,info@shadesofgreenla.com,No clear shortcoming identified
Silver Oak Tree Services,info@silveroaktree.com,No clear shortcoming identified
Silveredge Commercial,info@silveredgecommercial.com,No clear shortcoming identified
Skelly Build,letsbuild@skellybuild.com,No clear shortcoming identified
SolarPRO d.o.o.,info@solarpro.si,Low review count
T & E Roofing Inc,info@teroof.com,No clear shortcoming identified
T&S Roofing Systems,info@tsroofingsystems.com,No clear shortcoming identified
THA Construction & Remodeling,thaconstructionatx@gmail.com,No clear shortcoming identified
Teamwork Home Designs - General Contractor Austin,info@teamworkhomedesigns.com,No clear shortcoming identified
Tecta America Central Florida Commercial Roofing,info.orlando@tectaamerica.com,No clear shortcoming identified
The USA Roofer,sales@theusaroofer.com,No clear shortcoming identified
"To, montaža Toplotnih črpalk, Tomaž Oman s.p.",to@siol.com,Low review count
Together Design & Build,info@togetherdesignbuild.com,No clear shortcoming identified
Toplotna tehnika Tomaž Rozman s.p.,info@bizi.si,Low review count
Tree Doctors of America,admin@airodigital.com,No clear shortcoming identified
Tree Service Inc.,carlosvento6170@gmail.com,No clear shortcoming identified
Tree Service of Troy,info@treeserviceoftroy.com,No clear shortcoming identified
Tree Services of Omaha,treeservicesofomaha@gmail.com,No clear shortcoming identified
"Tree Top Climbers MN, Inc",contact@treetopclimbersmn.com,No clear shortcoming identified
USA Home Roofing & Exteriors,info@usahome-roof.com,No clear shortcoming identified
USA Roofing & Waterproofing LLC,jackv@usaroofingpdx.com,No clear shortcoming identified
USA Roofing Contractors Murfreesboro,usaroofingtn@gmail.com,No clear shortcoming identified
USA Roofing LLC,contact@usaroofingrc.com,No clear shortcoming identified
Urban FarmGirls Garden Design,hello@urbanfarmgirls.com,No clear shortcoming identified
Utah Tree Co,info@utahtreeco.com,No clear shortcoming identified
Vrtač d.o.o.,info@vrtac.si,Low review count
Woodys Tree Service LLC,raul@woodyslv.com,No clear shortcoming identified
Zenscape,brian@zenscape.com,No clear shortcoming identified
